Amazonas,highway,2984,6,2977,1,40.29,4678.14
Amazonas,highway:residential,1763,0,1762,1,0,644.23
Amazonas,highway:bus_stop,5,5,0,0,0,0
Amazonas,highway:crossing,1,1,0,0,0,0
Amazonas,highway:track,36,0,36,0,0,98.28
Amazonas,highway:trunk,121,0,121,0,0,794.07
Amazonas,highway:road,6,0,6,0,0,5.67
Amazonas,highway:tertiary,247,0,247,0,0,1102.85
Amazonas,highway:primary,47,0,47,0,0,457.08
Amazonas,highway:secondary,102,0,102,0,0,281.77
Amazonas,highway:path,383,0,383,0,0,776.66
Amazonas,highway:pedestrian,3,0,3,0,4.73,0.88
Amazonas,highway:unclassified,182,0,182,0,0,486.27
Amazonas,highway:footway,57,0,57,0,0.02,15.96
Amazonas,highway:trunk_link,3,0,3,0,0,0.41
Amazonas,highway:steps,6,0,6,0,0,0.59
Amazonas,highway:construction,1,0,1,0,0,2.37
Amazonas,highway:service,20,0,20,0,35.54,10.01
Amazonas,highway:bridleway,1,0,1,0,0,1.04
Amazonas,landuse,80,6,74,0,20572.16,152.12
Amazonas,landuse:farmland,4,0,4,0,2215.46,14.28
Ancash,highway,24137,154,23982,1,457.64,20950.73
Ancash,highway:pedestrian,80,0,79,1,5.1,6.28
Ancash,highway:traffic_signals,27,27,0,0,0,0
Ancash,highway:bus_stop,57,57,0,0,0,0
Ancash,highway:turning_circle,2,2,0,0,0,0
Ancash,highway:crossing,64,64,0,0,0,0
Ancash,highway:mini_roundabout,1,1,0,0,0,0
Ancash,highway:services,2,2,0,0,0,0
Ancash,highway:rest_area,1,1,0,0,0,0
Ancash,highway:primary,520,0,520,0,0.9,2061.05
Ancash,highway:trunk,428,0,428,0,42.31,1273.72
Ancash,highway:tertiary,1239,0,1239,0,6.55,4586.06
Ancash,highway:residential,8352,0,8352,0,37.1,1962.77
Ancash,highway:unclassified,1249,0,1249,0,0.51,2722.77
Ancash,highway:track,1858,0,1858,0,297.11,1699.3
Ancash,highway:secondary,141,0,141,0,5.76,302.38
Ancash,highway:service,772,0,772,0,6.88,221.24
Ancash,highway:path,8395,0,8395,0,6.72,5954.43
Ancash,highway:bridleway,41,0,41,0,0,42.81
Ancash,highway:living_street,35,0,35,0,1.51,4.3
Ancash,highway:primary_link,12,0,12,0,0,0.4
Ancash,highway:steps,56,0,56,0,0,3.24
Ancash,highway:footway,770,0,770,0,47.18,106.13
Ancash,highway:trunk_link,10,0,10,0,0,0.8
Ancash,highway:tertiary_link,7,0,7,0,0,0.08
Ancash,highway:construction,2,0,2,0,0,1.79
Ancash,highway:road,4,0,4,0,0,0.69
Ancash,highway:secondary_link,12,0,12,0,0,0.52
Ancash,landuse,1452,2,1444,6,168886.85,1170.69
Ancash,landuse:farmland,225,0,220,5,50899.51,316.71
Apurímac,highway,5498,11,5480,7,28.44,10322.92
Apurímac,highway:pedestrian,10,0,3,7,10.32,0.61
Apurímac,highway:traffic_signals,8,8,0,0,0,0
Apurímac,highway:bus_stop,3,3,0,0,0,0
Apurímac,highway:trunk,273,0,273,0,0,1083.8
Apurímac,highway:primary,179,0,179,0,0,1441.81
Apurímac,highway:residential,3206,0,3206,0,14.24,1023.66
Apurímac,highway:tertiary,631,0,631,0,3.68,3571.54
Apurímac,highway:secondary,85,0,85,0,0,672.23
Apurímac,highway:unclassified,689,0,689,0,0,2158.99
Apurímac,highway:service,110,0,110,0,0,38.34
Apurímac,highway:steps,14,0,14,0,0,1.55
Apurímac,highway:track,146,0,146,0,0,200.95
Apurímac,highway:path,78,0,78,0,0,90.89
Apurímac,highway:footway,52,0,52,0,0.2,22.82
Apurímac,highway:bridleway,4,0,4,0,0,0.82
Apurímac,highway:road,9,0,9,0,0,7.78
Apurímac,highway:construction,1,0,1,0,0,7.11
Apurímac,landuse,568,0,568,0,116848.66,845.7
Apurímac,landuse:farmland,92,0,92,0,1161.82,23.01
Arequipa,landuse,6544,3,6530,11,771658.8,5298.48
Arequipa,landuse:farmland,4536,0,4532,4,592791.56,4155.54
Arequipa,highway,38255,988,37262,5,1467.88,20838.73
Arequipa,highway:primary,598,0,597,1,8.62,1823.84
Arequipa,highway:pedestrian,293,0,291,2,52.03,21.64
Arequipa,highway:footway,2745,0,2743,2,105.22,259.3
Arequipa,highway:traffic_signals,343,343,0,0,0,0
Arequipa,highway:crossing,367,367,0,0,0,0
Arequipa,highway:turning_circle,97,97,0,0,0,0
Arequipa,highway:mini_roundabout,24,24,0,0,0,0
Arequipa,highway:give_way,12,12,0,0,0,0
Arequipa,highway:bus_stop,79,79,0,0,0,0
Arequipa,highway:stop,49,49,0,0,0,0
Arequipa,highway:rest_area,10,4,6,0,20.4,1.43
Arequipa,highway:turning_loop,1,1,0,0,0,0
Arequipa,highway:street_lamp,11,11,0,0,0,0
Arequipa,highway:elevator,1,1,0,0,0,0
Arequipa,highway:secondary,622,0,622,0,8.11,1635.54
Arequipa,highway:trunk,381,0,381,0,7.5,1507.74
Arequipa,highway:service,2102,0,2102,0,111.94,278.09
Arequipa,highway:residential,18692,0,18692,0,173.22,4395.89
Arequipa,highway:primary_link,90,0,90,0,0,6.48
Arequipa,highway:tertiary,1302,0,1302,0,10.16,2249.76
Arequipa,highway:living_street,1402,0,1402,0,64.86,242.78
Arequipa,highway:steps,278,0,278,0,0,13.67
Arequipa,highway:track,5061,0,5061,0,388.08,3562.82
Arequipa,highway:secondary_link,34,0,34,0,0,1.87
Arequipa,highway:trunk_link,49,0,49,0,0,5.44
Arequipa,highway:unclassified,2338,0,2338,0,1.15,4217.84
Arequipa,highway:road,263,0,263,0,0,192.77
Arequipa,highway:path,683,0,683,0,413.18,359.2
Arequipa,highway:corridor,209,0,209,0,1.76,16.46
Arequipa,highway:construction,81,0,81,0,1.46,23.79
Arequipa,highway:bridleway,13,0,13,0,0,12.86
Arequipa,highway:raceway,1,0,1,0,96.59,1.93
Arequipa,highway:proposed,4,0,4,0,0,2.48
Arequipa,highway:services,1,0,1,0,3.6,0.29
Arequipa,highway:cycleway,10,0,10,0,0,4.7
Arequipa,highway:tertiary_link,9,0,9,0,0,0.13
Ayacucho,highway,16700,271,16394,35,232.64,19628.7
Ayacucho,highway:pedestrian,105,0,77,28,20.55,9.22
Ayacucho,highway:footway,870,0,863,7,65.68,112.83
Ayacucho,highway:traffic_signals,69,69,0,0,0,0
Ayacucho,highway:crossing,119,119,0,0,0,0
Ayacucho,highway:traffic_signals;crossing,1,1,0,0,0,0
Ayacucho,highway:turning_circle,3,3,0,0,0,0
Ayacucho,highway:mini_roundabout,1,1,0,0,0,0
Ayacucho,highway:stop,12,12,0,0,0,0
Ayacucho,highway:bus_stop,52,52,0,0,0,0
Ayacucho,highway:street_lamp,10,10,0,0,0,0
Ayacucho,highway:milestone,1,1,0,0,0,0
Ayacucho,highway:residential,9060,1,9059,0,28.52,2400.76
Ayacucho,highway:rest_area,2,2,0,0,0,0
Ayacucho,highway:trunk,430,0,430,0,0,1671.4
Ayacucho,highway:tertiary,1002,0,1002,0,0.11,5348.69
Ayacucho,highway:unclassified,2010,0,2010,0,0,5775.38
Ayacucho,highway:service,551,0,551,0,14.7,86.5
Ayacucho,highway:track,909,0,909,0,5.34,906.5
Ayacucho,highway:primary,320,0,320,0,0,1766.01
Ayacucho,highway:secondary,113,0,113,0,0,831.33
Ayacucho,highway:road,43,0,43,0,0,70.59
Ayacucho,highway:steps,165,0,165,0,0,10.34
Ayacucho,highway:living_street,81,0,81,0,0,17.22
Ayacucho,highway:path,751,0,751,0,87.56,611.71
Ayacucho,highway:bridleway,11,0,11,0,0,5.73
Ayacucho,highway:construction,8,0,8,0,0,3.23
Ayacucho,highway:raceway,1,0,1,0,10.18,1.27
Ayacucho,landuse,1526,1,1525,0,96811.23,1132.78
Ayacucho,landuse:farmland,262,0,262,0,24613.25,276.24
Cajamarca,landuse,185,0,184,1,79978.48,257.67
Cajamarca,landuse:farmland,12,0,12,0,2021.02,15.28
Cajamarca,highway,7045,77,6968,0,17.87,8879.17
Cajamarca,highway:traffic_signals,60,60,0,0,0,0
Cajamarca,highway:turning_circle,1,1,0,0,0,0
Cajamarca,highway:crossing,9,9,0,0,0,0
Cajamarca,highway:bus_stop,6,6,0,0,0,0
Cajamarca,highway:rest_area,1,1,0,0,0,0
Cajamarca,highway:tertiary,543,0,543,0,1.19,2455.6
Cajamarca,highway:trunk,266,0,266,0,1.94,1346.77
Cajamarca,highway:primary,75,0,75,0,0,401.57
Cajamarca,highway:unclassified,678,0,678,0,0.27,2010.11
Cajamarca,highway:steps,7,0,7,0,0,0.98
Cajamarca,highway:pedestrian,36,0,36,0,0,4.63
Cajamarca,highway:path,129,0,129,0,1.28,91.78
Cajamarca,highway:residential,4599,0,4599,0,1.27,1300.86
Cajamarca,highway:track,148,0,148,0,0,189.65
Cajamarca,highway:footway,131,0,131,0,4.06,20.78
Cajamarca,highway:living_street,29,0,29,0,0,3.42
Cajamarca,highway:service,95,0,95,0,7.49,15.08
Cajamarca,highway:trunk_link,2,0,2,0,0,0.1
Cajamarca,highway:secondary,186,0,186,0,0.36,958.17
Cajamarca,highway:road,36,0,36,0,0,72.43
Cajamarca,highway:tertiary_link,2,0,2,0,0,0.07
Cajamarca,highway:bridleway,4,0,4,0,0,3.88
Cajamarca,highway:primary_link,1,0,1,0,0,0.05
Cajamarca,highway:cycleway,1,0,1,0,0,3.24
Callao,landuse,651,7,642,2,22091.88,305.62
Callao,highway,12892,953,11939,0,647.11,2235.27
Callao,highway:traffic_signals,277,277,0,0,0,0
Callao,highway:bus_stop,75,75,0,0,0,0
Callao,highway:crossing,540,540,0,0,0,0
Callao,highway:motorway_junction,2,2,0,0,0,0
Callao,highway:mini_roundabout,15,15,0,0,0,0
Callao,highway:give_way,7,7,0,0,0,0
Callao,highway:turning_circle,5,5,0,0,0,0
Callao,highway:turning_loop,4,4,0,0,0,0
Callao,highway:stop,15,15,0,0,0,0
Callao,highway:elevator,1,1,0,0,0,0
Callao,highway:steps,50,1,49,0,0,1.86
Callao,highway:street_lamp,10,10,0,0,0,0
Callao,highway:rest_area,1,1,0,0,0,0
Callao,highway:primary,197,0,197,0,16.24,60.78
Callao,highway:secondary,432,0,432,0,18.96,167.01
Callao,highway:residential,6696,0,6696,0,12.88,1346.87
Callao,highway:trunk,132,0,132,0,6.22,70.68
Callao,highway:trunk_link,83,0,83,0,0,6.21
Callao,highway:primary_link,93,0,93,0,0,3.95
Callao,highway:service,715,0,715,0,362.62,120.8
Callao,highway:tertiary,281,0,281,0,1.02,137.35
Callao,highway:footway,2149,0,2149,0,150.12,114.94
Callao,highway:unclassified,126,0,126,0,0,65.62
Callao,highway:tertiary_link,9,0,9,0,0,0.27
Callao,highway:living_street,276,0,276,0,7.87,30.11
Callao,highway:secondary_link,103,0,103,0,0,3
Callao,highway:cycleway,30,0,30,0,0,14.89
Callao,highway:pedestrian,341,0,341,0,0.06,37.44
Callao,highway:construction,15,0,15,0,0,16.03
Callao,highway:track,30,0,30,0,0.01,16.45
Callao,highway:path,91,0,91,0,69.51,10.52
Callao,highway:proposed,1,0,1,0,0,0.05
Callao,highway:corridor,88,0,88,0,1.58,5.41
Callao,highway:road,2,0,2,0,0,5.03
Cusco,landuse,1247,6,1239,2,786953.27,1959.11
Cusco,landuse:farmland,143,0,143,0,14864.66,123.3
Cusco,highway,19990,413,19576,1,458.69,21798.55
Cusco,highway:service,454,0,453,1,1.57,112.17
Cusco,highway:traffic_signals,98,98,0,0,0,0
Cusco,highway:bus_stop,275,275,0,0,0,0
Cusco,highway:crossing,20,20,0,0,0,0
Cusco,highway:ford,3,3,0,0,0,0
Cusco,highway:mini_roundabout,1,1,0,0,0,0
Cusco,highway:stop,3,3,0,0,0,0
Cusco,highway:turning_circle,7,7,0,0,0,0
Cusco,highway:rest_area,5,5,0,0,0,0
Cusco,highway:emergency_access_point,1,1,0,0,0,0
Cusco,highway:trunk,656,0,656,0,4.53,1968.54
Cusco,highway:residential,9328,0,9328,0,28.31,2608.38
Cusco,highway:primary,629,0,629,0,0,3099.01
Cusco,highway:secondary_link,13,0,13,0,0,0.88
Cusco,highway:secondary,583,0,583,0,0.51,2671.93
Cusco,highway:tertiary,1539,0,1539,0,0.53,4941.6
Cusco,highway:unclassified,1018,0,1018,0,173.73,2348.09
Cusco,highway:footway,1122,0,1122,0,64.82,256.8
Cusco,highway:primary_link,6,0,6,0,0,0.2
Cusco,highway:pedestrian,163,0,163,0,32.69,17.65
Cusco,highway:steps,583,0,583,0,0,48.4
Cusco,highway:path,1437,0,1437,0,0,1527.03
Cusco,highway:track,1703,0,1703,0,119.75,1409.08
Cusco,highway:living_street,49,0,49,0,0,6.71
Cusco,highway:trunk_link,6,0,6,0,0,0.29
Cusco,highway:road,242,0,242,0,0,661.04
Cusco,highway:construction,7,0,7,0,0,83.22
Cusco,highway:raceway,1,0,1,0,24.7,0.91
Cusco,highway:tertiary_link,2,0,2,0,0,0.05
Cusco,highway:motorway,25,0,25,0,0,18.5
Cusco,highway:motorway_link,1,0,1,0,0,0.04
Cusco,highway:bridleway,3,0,3,0,7.54,0.88
Cusco,highway:cycleway,1,0,1,0,0,0.42
Cusco,highway:corridor,5,0,5,0,0,0.14
Cusco,highway:proposed,1,0,1,0,0,16.6
Huancavelica,highway,6813,5,6808,0,117.8,13350.48
Huancavelica,highway:turning_circle,1,1,0,0,0,0
Huancavelica,highway:services,1,1,0,0,0,0
Huancavelica,highway:rest_area,2,2,0,0,0,0
Huancavelica,highway:bus_stop,1,1,0,0,0,0
Huancavelica,highway:trunk,222,0,222,0,0,975.14
Huancavelica,highway:residential,3342,0,3342,0,28.54,1028.4
Huancavelica,highway:primary,183,0,183,0,0.33,1248.9
Huancavelica,highway:unclassified,1238,0,1238,0,51.2,3741.53
Huancavelica,highway:tertiary,602,0,602,0,0,4110.18
Huancavelica,highway:secondary,223,0,223,0,0,1193.31
Huancavelica,highway:track,286,0,286,0,0,340.4
Huancavelica,highway:pedestrian,5,0,5,0,10.54,1.1
Huancavelica,highway:path,510,0,510,0,14.6,478.71
Huancavelica,highway:road,42,0,42,0,0,136.98
Huancavelica,highway:tertiary_link,5,0,5,0,0,6.63
Huancavelica,highway:service,25,0,25,0,0,12.56
Huancavelica,highway:footway,121,0,121,0,12.6,75.2
Huancavelica,highway:cycleway,2,0,2,0,0,1.29
Huancavelica,highway:trunk_link,2,0,2,0,0,0.15
Huancavelica,landuse,304,1,303,0,63263.37,505.89
Huancavelica,landuse:farmland,6,0,6,0,6895.29,36.55
Huánuco,landuse,404,0,402,2,1004619.84,883.3
Huánuco,landuse:farmland,31,0,31,0,87882.87,92.85
Huánuco,highway,5653,41,5612,0,32.37,7196.59
Huánuco,highway:traffic_signals,22,22,0,0,0,0
Huánuco,highway:crossing,8,8,0,0,0,0
Huánuco,highway:bus_stop,6,6,0,0,0,0
Huánuco,highway:steps,56,1,55,0,0,3.98
Huánuco,highway:rest_area,4,4,0,0,0,0
Huánuco,highway:trunk,177,0,177,0,2.93,778.43
Huánuco,highway:tertiary,457,0,457,0,0,1933.84
Huánuco,highway:primary,283,0,283,0,0,1201.64
Huánuco,highway:service,145,0,145,0,0,66.52
Huánuco,highway:residential,2758,0,2758,0,0,808.29
Huánuco,highway:path,768,0,768,0,29.17,1103.18
Huánuco,highway:secondary,44,0,44,0,0,156.68
Huánuco,highway:unclassified,326,0,326,0,0,861.7
Huánuco,highway:bridleway,7,0,7,0,0,24.17
Huánuco,highway:trunk_link,4,0,4,0,0,0.3
Huánuco,highway:track,135,0,135,0,0,183.39
Huánuco,highway:footway,34,0,34,0,0.26,4.9
Huánuco,highway:living_street,416,0,416,0,0,69.39
Huánuco,highway:pedestrian,2,0,2,0,0,0.15
Huánuco,highway:primary_link,1,0,1,0,0,0.02
Ica,highway,12454,91,12363,0,1149.1,7580.16
Ica,highway:crossing,43,43,0,0,0,0
Ica,highway:traffic_signals,23,23,0,0,0,0
Ica,highway:turning_circle,6,6,0,0,0,0
Ica,highway:bus_stop,17,17,0,0,0,0
Ica,highway:rest_area,2,2,0,0,0,0
Ica,highway:trunk,182,0,182,0,11.88,681.86
Ica,highway:primary,119,0,119,0,3.24,741.9
Ica,highway:pedestrian,37,0,37,0,0,3.21
Ica,highway:tertiary,452,0,452,0,9.88,885.29
Ica,highway:residential,8537,0,8537,0,181.05,2172.9
Ica,highway:secondary,118,0,118,0,3.82,191.38
Ica,highway:tertiary_link,46,0,46,0,0,0.57
Ica,highway:path,147,0,147,0,902.67,99.13
Ica,highway:unclassified,664,0,664,0,1.39,1582.77
Ica,highway:service,565,0,565,0,7.11,107.6
Ica,highway:footway,391,0,391,0,27.93,27.97
Ica,highway:track,839,0,839,0,0.11,916.5
Ica,highway:living_street,14,0,14,0,0,2.9
Ica,highway:trunk_link,32,0,32,0,0,1.12
Ica,highway:road,121,0,121,0,0,67
Ica,highway:motorway,45,0,45,0,0,92.17
Ica,highway:primary_link,8,0,8,0,0,0.18
Ica,highway:steps,20,0,20,0,0,0.58
Ica,highway:motorway_link,10,0,10,0,0,1.96
Ica,highway:bridleway,9,0,9,0,0,1.25
Ica,highway:secondary_link,1,0,1,0,0,0.01
Ica,highway:construction,6,0,6,0,0,1.89
Ica,landuse,621,1,620,0,462347.96,1192.48
Ica,landuse:farmland,243,0,243,0,406770.51,882.11
Junín,highway,11823,153,11670,0,677.14,11971.84
Junín,highway:traffic_signals,98,98,0,0,0,0
Junín,highway:bus_stop,47,47,0,0,0,0
Junín,highway:turning_circle,5,5,0,0,0,0
Junín,highway:crossing,2,2,0,0,0,0
Junín,highway:turning_loop,1,1,0,0,0,0
Junín,highway:residential,7405,0,7405,0,92.09,2692.75
Junín,highway:tertiary,713,0,713,0,12.13,2535.54
Junín,highway:trunk,373,0,373,0,3.96,1013.2
Junín,highway:secondary,228,0,228,0,0,1052.65
Junín,highway:unclassified,1202,0,1202,0,489.92,2975.58
Junín,highway:footway,260,0,260,0,23.03,31.48
Junín,highway:track,324,0,324,0,0,563.9
Junín,highway:primary,164,0,164,0,5.5,786.58
Junín,highway:service,747,0,747,0,4.01,79.36
Junín,highway:secondary_link,1,0,1,0,0,0.04
Junín,highway:pedestrian,34,0,34,0,3.81,3.94
Junín,highway:tertiary_link,9,0,9,0,0,3.1
Junín,highway:path,153,0,153,0,42.69,218.38
Junín,highway:steps,26,0,26,0,0,5.14
Junín,highway:road,9,0,9,0,0,6.99
Junín,highway:living_street,10,0,10,0,0,2.13
Junín,highway:corridor,1,0,1,0,0,0.08
Junín,highway:primary_link,3,0,3,0,0,0.03
Junín,highway:trunk_link,6,0,6,0,0,0.22
Junín,highway:bridleway,2,0,2,0,0,0.75
Junín,landuse,400,5,395,0,989617.16,1012.24
Junín,landuse:farmland,11,0,11,0,8898.17,46.37
La_Libertad,landuse,529,1,524,4,621667.26,1506.75
La_Libertad,landuse:farmland,135,0,133,2,386801.07,798.32
La_Libertad,highway,15158,291,14867,0,1573.14,11001.99
La_Libertad,highway:traffic_signals,216,216,0,0,0,0
La_Libertad,highway:crossing,28,28,0,0,0,0
La_Libertad,highway:bus_stop,39,39,0,0,0,0
La_Libertad,highway:turning_circle,1,1,0,0,0,0
La_Libertad,highway:speed_camera,3,3,0,0,0,0
La_Libertad,highway:rest_area,4,3,1,0,31.02,0.71
La_Libertad,highway:stop,1,1,0,0,0,0
La_Libertad,highway:trunk,334,0,334,0,69.81,1391.05
La_Libertad,highway:secondary,476,0,476,0,6.12,1357.29
La_Libertad,highway:primary,157,0,157,0,18.23,583.19
La_Libertad,highway:residential,11210,0,11210,0,83.8,3433.23
La_Libertad,highway:secondary_link,193,0,193,0,0,3.68
La_Libertad,highway:unclassified,655,0,655,0,0,1884.2
La_Libertad,highway:trunk_link,28,0,28,0,0,1.89
La_Libertad,highway:tertiary,586,0,586,0,2.07,1799
La_Libertad,highway:footway,230,0,230,0,13.76,16.15
La_Libertad,highway:service,314,0,314,0,3.53,72.77
La_Libertad,highway:steps,16,0,16,0,0,0.48
La_Libertad,highway:living_street,38,0,38,0,0,4.07
La_Libertad,highway:tertiary_link,74,0,74,0,0,1.28
La_Libertad,highway:primary_link,59,0,59,0,0,1.44
La_Libertad,highway:track,173,0,173,0,0,181.92
La_Libertad,highway:raceway,1,0,1,0,0,0.01
La_Libertad,highway:pedestrian,174,0,174,0,4.48,12.13
La_Libertad,highway:path,134,0,134,0,0,242.85
La_Libertad,highway:yes,1,0,1,0,1324.37,5.22
La_Libertad,highway:corridor,1,0,1,0,0,0.18
La_Libertad,highway:motorway_link,1,0,1,0,0,0.02
La_Libertad,highway:construction,11,0,11,0,15.93,9.23
Lambayeque,landuse,309,1,305,3,101103.39,503.1
Lambayeque,landuse:farmland,62,0,60,2,49045.79,188.77
Lambayeque,highway,9791,65,9726,0,740.86,4477.3
Lambayeque,highway:crossing,55,55,0,0,0,0
Lambayeque,highway:traffic_signals,2,2,0,0,0,0
Lambayeque,highway:mini_roundabout,2,2,0,0,0,0
Lambayeque,highway:motorway_junction,1,1,0,0,0,0
Lambayeque,highway:bus_stop,4,4,0,0,0,0
Lambayeque,highway:street_lamp,1,1,0,0,0,0
Lambayeque,highway:unclassified,383,0,383,0,300.8,514.72
Lambayeque,highway:residential,7313,0,7313,0,17.07,1948.96
Lambayeque,highway:trunk,148,0,148,0,0,438.66
Lambayeque,highway:tertiary,300,0,300,0,3.26,558.15
Lambayeque,highway:primary,167,0,167,0,2.25,332.12
Lambayeque,highway:secondary,122,0,122,0,5.67,125.89
Lambayeque,highway:trunk_link,19,0,19,0,0,3.02
Lambayeque,highway:service,90,0,90,0,1.28,18.45
Lambayeque,highway:primary_link,7,0,7,0,0,0.31
Lambayeque,highway:track,361,0,361,0,7.48,310.39
Lambayeque,highway:footway,249,0,249,0,22.96,20.98
Lambayeque,highway:pedestrian,15,0,15,0,0,2.47
Lambayeque,highway:living_street,53,0,53,0,0,10.26
Lambayeque,highway:path,55,0,55,0,5.44,15.53
Lambayeque,highway:road,435,0,435,0,373.47,176.43
Lambayeque,highway:raceway,1,0,1,0,1.18,0.14
Lambayeque,highway:cycleway,1,0,1,0,0,0.29
Lambayeque,highway:secondary_link,6,0,6,0,0,0.43
Lambayeque,highway:tertiary_link,1,0,1,0,0,0.09
Lima,landuse,1106,5,1084,17,616012.61,2160.05
Lima,landuse:farmland,316,0,302,14,547415.27,1431.44
Lima,highway,18709,103,18593,13,1928.89,13991.07
Lima,highway:footway,1824,0,1816,8,354.27,146.46
Lima,highway:pedestrian,139,0,134,5,10.3,14.58
Lima,highway:stop,5,5,0,0,0,0
Lima,highway:motorway_junction,21,21,0,0,0,0
Lima,highway:traffic_signals,32,32,0,0,0,0
Lima,highway:turning_circle,17,17,0,0,0,0
Lima,highway:crossing,17,17,0,0,0,0
Lima,highway:bus_stop,3,3,0,0,0,0
Lima,highway:give_way,2,2,0,0,0,0
Lima,highway:rest_area,1,1,0,0,0,0
Lima,highway:turning_loop,4,4,0,0,0,0
Lima,highway:mini_roundabout,1,1,0,0,0,0
Lima,highway:motorway,50,0,50,0,0,242.89
Lima,highway:trunk,563,0,563,0,23.73,1162.98
Lima,highway:primary,441,0,441,0,14.74,1923.82
Lima,highway:secondary,226,0,226,0,0,869.88
Lima,highway:trunk_link,40,0,40,0,0,9.62
Lima,highway:motorway_link,93,0,93,0,0,20.69
Lima,highway:unclassified,1146,0,1146,0,1.67,2005.52
Lima,highway:track,1069,0,1069,0,1164.13,1095.76
Lima,highway:service,618,0,618,0,0.6,150.5
Lima,highway:residential,10352,0,10352,0,284.3,2799.28
Lima,highway:tertiary,931,0,931,0,16.07,2665.52
Lima,highway:path,865,0,865,0,20.14,827.14
Lima,highway:living_street,123,0,123,0,11.19,23.41
Lima,highway:steps,65,0,65,0,0.17,3.88
Lima,highway:bridleway,11,0,11,0,0,7.15
Lima,highway:primary_link,11,0,11,0,0,0.48
Lima,highway:construction,4,0,4,0,0,6.58
Lima,highway:raceway,10,0,10,0,27.58,6.17
Lima,highway:road,8,0,8,0,0,6.7
Lima,highway:tertiary_link,12,0,12,0,0,0.37
Lima,highway:corridor,2,0,2,0,0,0.03
Lima,highway:cycleway,2,0,2,0,0,1.58
Lima,highway:secondary_link,1,0,1,0,0,0.07
Lima_Province,landuse,6507,15,6474,18,158851.22,2585.65
Lima_Province,landuse:farmland,572,0,572,0,40198.34,383.8
Lima_Province,highway,103101,7022,96048,31,4692.18,18484.69
Lima_Province,highway:footway,19517,0,19488,29,2742.02,1221.79
Lima_Province,highway:pedestrian,2252,0,2250,2,351.11,205.91
Lima_Province,highway:traffic_signals,2467,2467,0,0,0,0
Lima_Province,highway:crossing,2875,2875,0,0,0,0
Lima_Province,highway:motorway_junction,129,129,0,0,0,0
Lima_Province,highway:stop,173,173,0,0,0,0
Lima_Province,highway:give_way,72,72,0,0,0,0
Lima_Province,highway:bus_stop,820,817,3,0,0.37,0.18
Lima_Province,highway:mini_roundabout,58,58,0,0,0,0
Lima_Province,highway:turning_loop,89,89,0,0,0,0
Lima_Province,highway:turning_circle,153,153,0,0,0,0
Lima_Province,highway:services,1,1,0,0,0,0
Lima_Province,highway:street_lamp,162,162,0,0,0,0
Lima_Province,highway:traffic_signals;crossing,3,3,0,0,0,0
Lima_Province,highway:rest_area,16,13,3,0,2.23,0.46
Lima_Province,highway:elevator,7,7,0,0,0,0
Lima_Province,highway:emergency_access_point,2,2,0,0,0,0
Lima_Province,highway:raceway,32,1,31,0,26.94,6.18
Lima_Province,highway:primary,1497,0,1497,0,79.2,623.6
Lima_Province,highway:secondary,3814,0,3814,0,109.63,1623.73
Lima_Province,highway:primary_link,584,0,584,0,0,29.46
Lima_Province,highway:residential,51281,0,51281,0,365.89,10773.83
Lima_Province,highway:unclassified,725,0,725,0,4.81,496.92
Lima_Province,highway:motorway_link,529,0,529,0,0,83.81
Lima_Province,highway:tertiary,2547,0,2547,0,255.8,1120.66
Lima_Province,highway:trunk,267,0,267,0,8.97,222.53
Lima_Province,highway:motorway,379,0,379,0,0,247.57
Lima_Province,highway:secondary_link,695,0,695,0,0,25.83
Lima_Province,highway:service,5590,0,5590,0,463.1,751.16
Lima_Province,highway:tertiary_link,132,0,132,0,0,3.25
Lima_Province,highway:living_street,1623,0,1623,0,120.81,268.62
Lima_Province,highway:trunk_link,141,0,141,0,0,17.67
Lima_Province,highway:path,1942,0,1942,0,43.7,269.28
Lima_Province,highway:steps,1408,0,1408,0,1.19,69.71
Lima_Province,highway:construction,69,0,69,0,0,32.34
Lima_Province,highway:cycleway,197,0,197,0,30.87,82.04
Lima_Province,highway:track,551,0,551,0,16.46,284.78
Lima_Province,highway:corridor,280,0,280,0,52.48,20.39
Lima_Province,highway:platform,1,0,1,0,0.71,0.27
Lima_Province,highway:road,3,0,3,0,0,0.4
Lima_Province,highway:proposed,1,0,1,0,0,0.05
Lima_Province,highway:bridleway,17,0,17,0,15.88,2.28
Loreto,landuse,659,6,649,4,25035431.47,4109.27
Loreto,landuse:farmland,178,0,176,2,75910.41,153.52
Loreto,highway,6984,34,6950,0,228.27,5063.01
Loreto,highway:traffic_signals,7,7,0,0,0,0
Loreto,highway:crossing,17,17,0,0,0,0
Loreto,highway:turning_circle,1,1,0,0,0,0
Loreto,highway:mini_roundabout,1,1,0,0,0,0
Loreto,highway:motorway_junction,1,1,0,0,0,0
Loreto,highway:bus_stop,4,4,0,0,0,0
Loreto,highway:rest_area,2,2,0,0,0,0
Loreto,highway:traffic_mirror,1,1,0,0,0,0
Loreto,highway:secondary,54,0,54,0,0,149.2
Loreto,highway:primary,21,0,21,0,0.43,162.73
Loreto,highway:residential,2802,0,2802,0,69.05,925.41
Loreto,highway:trunk,10,0,10,0,0,68.38
Loreto,highway:track,589,0,589,0,32.09,986.94
Loreto,highway:unclassified,503,0,503,0,7.9,1191.72
Loreto,highway:tertiary,122,0,122,0,7.99,416.52
Loreto,highway:service,381,0,381,0,23.03,79.77
Loreto,highway:pedestrian,37,0,37,0,0,11.56
Loreto,highway:road,281,0,281,0,0.79,409.78
Loreto,highway:path,1919,0,1919,0,66.55,636.41
Loreto,highway:bridleway,1,0,1,0,0,1.1
Loreto,highway:living_street,10,0,10,0,0,1.28
Loreto,highway:footway,210,0,210,0,20.44,21.85
Loreto,highway:secondary_link,2,0,2,0,0,0.08
Loreto,highway:steps,6,0,6,0,0,0.2
Loreto,highway:corridor,2,0,2,0,0,0.06
Madre_de_Dios,landuse,185,4,179,2,574657.85,889.99
Madre_de_Dios,landuse:farmland,29,0,29,0,2550.37,34.13
Madre_de_Dios,highway,2262,29,2233,0,393.5,2198.4
Madre_de_Dios,highway:crossing,21,21,0,0,0,0
Madre_de_Dios,highway:rest_area,2,2,0,0,0,0
Madre_de_Dios,highway:bus_stop,1,1,0,0,0,0
Madre_de_Dios,highway:stop,3,3,0,0,0,0
Madre_de_Dios,highway:traffic_signals,2,2,0,0,0,0
Madre_de_Dios,highway:primary,21,0,21,0,0,157.98
Madre_de_Dios,highway:secondary,47,0,47,0,2.1,179.21
Madre_de_Dios,highway:unclassified,66,0,66,0,0,101.93
Madre_de_Dios,highway:steps,6,0,6,0,0,0.22
Madre_de_Dios,highway:footway,78,0,78,0,16.07,14.35
Madre_de_Dios,highway:tertiary,177,0,177,0,13.19,498.06
Madre_de_Dios,highway:track,72,0,72,0,0,167.11
Madre_de_Dios,highway:residential,1270,0,1270,0,41.18,423.16
Madre_de_Dios,highway:trunk,83,0,83,0,0,404.85
Madre_de_Dios,highway:service,78,0,78,0,5.05,18.83
Madre_de_Dios,highway:path,312,0,312,0,314.21,207.78
Madre_de_Dios,highway:road,4,0,4,0,0,20.94
Madre_de_Dios,highway:living_street,13,0,13,0,0,3.34
Madre_de_Dios,highway:pedestrian,3,0,3,0,0,0.33
Madre_de_Dios,highway:trunk_link,1,0,1,0,1.71,0.21
Madre_de_Dios,highway:secondary_link,2,0,2,0,0,0.1
Moquegua,highway,3963,32,3931,0,17.64,3981.79
Moquegua,highway:traffic_signals,4,4,0,0,0,0
Moquegua,highway:crossing,7,7,0,0,0,0
Moquegua,highway:turning_circle,18,18,0,0,0,0
Moquegua,highway:stop,3,3,0,0,0,0
Moquegua,highway:secondary,51,0,51,0,0.57,253.02
Moquegua,highway:trunk,84,0,84,0,3.32,618.92
Moquegua,highway:unclassified,155,0,155,0,0,475.87
Moquegua,highway:tertiary,184,0,184,0,7.03,670.47
Moquegua,highway:residential,3038,0,3038,0,3.43,759.18
Moquegua,highway:trunk_link,21,0,21,0,0,3.28
Moquegua,highway:primary,124,0,124,0,0.69,887.04
Moquegua,highway:service,73,0,73,0,0,41.01
Moquegua,highway:track,103,0,103,0,0,257.6
Moquegua,highway:steps,26,0,26,0,0,1.25
Moquegua,highway:pedestrian,3,0,3,0,0,2.43
Moquegua,highway:road,1,0,1,0,0,5.33
Moquegua,highway:footway,50,0,50,0,0.12,5
Moquegua,highway:secondary_link,1,0,1,0,0,0.03
Moquegua,highway:primary_link,3,0,3,0,0,0.22
Moquegua,highway:corridor,5,0,5,0,0,0.21
Moquegua,highway:rest_area,1,0,1,0,2.48,0.24
Moquegua,highway:tertiary_link,1,0,1,0,0,0.01
Moquegua,highway:path,1,0,1,0,0,0.06
Moquegua,highway:living_street,6,0,6,0,0,0.6
Moquegua,landuse,131,0,131,0,54834.33,270.96
Moquegua,landuse:farmland,16,0,16,0,4032.49,45.21
Pasco,highway,3114,49,3064,1,4.35,4230.97
Pasco,highway:pedestrian,14,0,13,1,0,1.81
Pasco,highway:crossing,41,41,0,0,0,0
Pasco,highway:traffic_signals,3,3,0,0,0,0
Pasco,highway:turning_circle,2,2,0,0,0,0
Pasco,highway:services,2,2,0,0,0,0
Pasco,highway:bus_stop,1,1,0,0,0,0
Pasco,highway:track,262,0,262,0,0,330.38
Pasco,highway:trunk,121,0,121,0,0,483.55
Pasco,highway:residential,1516,0,1516,0,0,417.5
Pasco,highway:unclassified,194,0,194,0,0,523.38
Pasco,highway:tertiary,304,0,304,0,0,1081.81
Pasco,highway:footway,49,0,49,0,1.04,8.43
Pasco,highway:primary,83,0,83,0,0.17,358.12
Pasco,highway:secondary,93,0,93,0,0,416.71
Pasco,highway:service,156,0,156,0,0,83.42
Pasco,highway:path,211,0,211,0,0,478.25
Pasco,highway:road,17,0,17,0,0,42.1
Pasco,highway:piste,1,0,1,0,0,0.03
Pasco,highway:living_street,26,0,26,0,0,3.99
Pasco,highway:steps,7,0,7,0,0,0.59
Pasco,highway:bridleway,1,0,1,0,0,0.17
Pasco,highway:secondary_link,1,0,1,0,0,0.07
Pasco,highway:trunk_link,2,0,2,0,0,0.25
Pasco,highway:rest_area,1,0,1,0,2.67,0.26
Pasco,highway:corridor,6,0,6,0,0.47,0.16
Pasco,landuse,248,1,246,1,535678.11,594.65
Pasco,landuse:farmland,14,0,14,0,3073.84,23.16
Piura,landuse,767,2,762,3,106528.78,728.81
Piura,landuse:farmland,157,0,156,1,38953.27,219.13
Piura,highway,19111,122,18989,0,421.95,12013.47
Piura,highway:traffic_signals,5,5,0,0,0,0
Piura,highway:crossing,97,97,0,0,0,0
Piura,highway:turning_circle,2,2,0,0,0,0
Piura,highway:stop,1,1,0,0,0,0
Piura,highway:mini_roundabout,1,1,0,0,0,0
Piura,highway:rest_area,3,3,0,0,0,0
Piura,highway:bus_stop,11,11,0,0,0,0
Piura,highway:motorway_junction,2,2,0,0,0,0
Piura,highway:track,1468,0,1468,0,265.54,1217.73
Piura,highway:trunk,228,0,228,0,3.67,915.59
Piura,highway:primary,173,0,173,0,30.76,673.89
Piura,highway:residential,13391,0,13391,0,67.24,3733.56
Piura,highway:unclassified,1550,0,1550,0,3.71,2163.1
Piura,highway:secondary,236,0,236,0,11.49,808.6
Piura,highway:tertiary,708,0,708,0,3.57,2080.34
Piura,highway:footway,342,0,342,0,27.1,49.36
Piura,highway:secondary_link,6,0,6,0,0,0.34
Piura,highway:trunk_link,31,0,31,0,0,5.29
Piura,highway:service,393,0,393,0,3.87,97.99
Piura,highway:primary_link,4,0,4,0,0,0.28
Piura,highway:pedestrian,23,0,23,0,4.24,3.32
Piura,highway:path,269,0,269,0,0.61,155.01
Piura,highway:road,124,0,124,0,0,91.3
Piura,highway:steps,4,0,4,0,0,0.08
Piura,highway:living_street,30,0,30,0,0,12.38
Piura,highway:bridleway,3,0,3,0,0,4.55
Piura,highway:services,1,0,1,0,0.15,0.05
Piura,highway:tertiary_link,3,0,3,0,0,0.08
Piura,highway:yes,1,0,1,0,0,0.32
Piura,highway:abandoned,1,0,1,0,0,0.31
Puno,highway,13424,89,13333,2,184.4,16949.39
Puno,highway:pedestrian,49,0,47,2,28.02,5.99
Puno,highway:traffic_signals,56,56,0,0,0,0
Puno,highway:bus_stop,11,11,0,0,0,0
Puno,highway:stop,1,1,0,0,0,0
Puno,highway:street_lamp,1,1,0,0,0,0
Puno,highway:milestone,1,1,0,0,0,0
Puno,highway:rest_area,6,5,1,0,12.56,0.46
Puno,highway:crossing,13,13,0,0,0,0
Puno,highway:turning_circle,1,1,0,0,0,0
Puno,highway:residential,7996,0,7996,0,20.95,2841.81
Puno,highway:tertiary,1075,0,1075,0,11.15,4902.48
Puno,highway:footway,394,0,394,0,15.4,88.63
Puno,highway:trunk,389,0,389,0,2.52,1983.34
Puno,highway:service,177,0,177,0,0,33.83
Puno,highway:secondary,234,0,234,0,23.57,783.26
Puno,highway:primary,308,0,308,0,1,1401.48
Puno,highway:unclassified,1564,0,1564,0,7.29,3342.35
Puno,highway:path,179,0,179,0,0.31,145.19
Puno,highway:track,712,0,712,0,31.44,878.02
Puno,highway:road,172,0,172,0,0,524.22
Puno,highway:steps,56,0,56,0,0,5.25
Puno,highway:tertiary_link,8,0,8,0,0,8.71
Puno,highway:construction,2,0,2,0,0,1.05
Puno,highway:trunk_link,4,0,4,0,0,0.71
Puno,highway:primary_link,1,0,1,0,0.88,0.11
Puno,highway:living_street,8,0,8,0,0,0.98
Puno,highway:raceway,3,0,3,0,28.39,1.18
Puno,highway:secondary_link,1,0,1,0,0,0.03
Puno,highway:bridleway,1,0,1,0,0,0.2
Puno,highway:platform,1,0,1,0,0.91,0.14
Puno,landuse,465,5,459,1,158034.48,773.73
Puno,landuse:farmland,29,0,29,0,434.78,7.41
San_Martín,landuse,213,0,211,2,4474607.15,1294.86
San_Martín,landuse:farmland,24,0,23,1,102694.87,97
San_Martín,highway,8281,28,8253,0,211.07,6880.47
San_Martín,highway:traffic_signals,1,1,0,0,0,0
San_Martín,highway:mini_roundabout,3,3,0,0,0,0
San_Martín,highway:crossing,14,14,0,0,0,0
San_Martín,highway:bus_stop,8,8,0,0,0,0
San_Martín,highway:motorway_junction,1,1,0,0,0,0
San_Martín,highway:traffic_mirror,1,1,0,0,0,0
San_Martín,highway:unclassified,650,0,650,0,0,1443.36
San_Martín,highway:tertiary,309,0,309,0,0,901.16
San_Martín,highway:secondary,86,0,86,0,0,348.85
San_Martín,highway:trunk,206,0,206,0,13.73,813.39
San_Martín,highway:track,1376,0,1376,0,28.12,900.85
San_Martín,highway:residential,4693,0,4693,0,4.38,1564.04
San_Martín,highway:footway,116,0,116,0,138.16,21.27
San_Martín,highway:steps,8,0,8,0,0,0.59
San_Martín,highway:path,354,0,354,0,7.44,344.55
San_Martín,highway:primary,107,0,107,0,0.59,451.1
San_Martín,highway:service,141,0,141,0,2.25,34.89
San_Martín,highway:living_street,14,0,14,0,0,1.81
San_Martín,highway:pedestrian,107,0,107,0,13.83,5.09
San_Martín,highway:road,60,0,60,0,0,36.37
San_Martín,highway:primary_link,7,0,7,0,0,0.18
San_Martín,highway:bridleway,10,0,10,0,0,9.95
San_Martín,highway:cycleway,6,0,6,0,0,1.69
San_Martín,highway:raceway,3,0,3,0,2.56,1.34
Tacna,highway,7903,318,7585,0,465.69,5288.4
Tacna,highway:traffic_signals,30,30,0,0,0,0
Tacna,highway:give_way,1,1,0,0,0,0
Tacna,highway:crossing,204,204,0,0,0,0
Tacna,highway:rest_area,18,17,1,0,1.06,0.14
Tacna,highway:mini_roundabout,1,1,0,0,0,0
Tacna,highway:turning_circle,5,5,0,0,0,0
Tacna,highway:stop,16,16,0,0,0,0
Tacna,highway:emergency_access_point,2,2,0,0,0,0
Tacna,highway:milestone,28,28,0,0,0,0
Tacna,highway:bus_stop,13,13,0,0,0,0
Tacna,highway:motorway_junction,1,1,0,0,0,0
Tacna,highway:primary,118,0,118,0,3.39,528.08
Tacna,highway:unclassified,224,0,224,0,15.63,453.16
Tacna,highway:trunk,160,0,160,0,30.33,773.92
Tacna,highway:tertiary,380,0,380,0,21.18,1203.3
Tacna,highway:track,133,0,133,0,0,140.61
Tacna,highway:residential,5863,0,5863,0,37.74,1726.05
Tacna,highway:secondary,125,0,125,0,2.12,311.56
Tacna,highway:service,186,0,186,0,111.26,85.89
Tacna,highway:trunk_link,27,0,27,0,0,2.95
Tacna,highway:primary_link,12,0,12,0,0,0.42
Tacna,highway:living_street,25,0,25,0,0,10.67
Tacna,highway:footway,223,0,223,0,11.78,15.88
Tacna,highway:pedestrian,9,0,9,0,11.98,1.47
Tacna,highway:path,60,0,60,0,34.1,24.06
Tacna,highway:raceway,2,0,2,0,80.47,3.62
Tacna,highway:secondary_link,5,0,5,0,0,0.31
Tacna,highway:tertiary_link,9,0,9,0,0,0.35
Tacna,highway:cycleway,6,0,6,0,0,0.93
Tacna,highway:road,5,0,5,0,0,2.76
Tacna,highway:services,2,0,2,0,104.66,1.58
Tacna,highway:corridor,8,0,8,0,0,0.69
Tacna,highway:steps,2,0,2,0,0,0.01
Tacna,landuse,278,0,278,0,147463.94,381.78
Tacna,landuse:farmland,23,0,23,0,108197.75,152.88
Tumbes,highway,3122,5,3117,0,875.85,1629.26
Tumbes,highway:bus_stop,4,4,0,0,0,0
Tumbes,highway:rest_area,1,1,0,0,0,0
Tumbes,highway:trunk,114,0,114,0,0,141.68
Tumbes,highway:tertiary,77,0,77,0,0,301.62
Tumbes,highway:primary,11,0,11,0,0,7.87
Tumbes,highway:residential,2478,0,2478,0,1.82,638.55
Tumbes,highway:unclassified,77,0,77,0,0,144.97
Tumbes,highway:secondary,45,0,45,0,0,277.26
Tumbes,highway:footway,29,0,29,0,0,3.17
Tumbes,highway:service,20,0,20,0,2.48,2.68
Tumbes,highway:track,235,0,235,0,871.55,96.76
Tumbes,highway:road,1,0,1,0,0,4.68
Tumbes,highway:tertiary_link,2,0,2,0,0,0.05
Tumbes,highway:trunk_link,7,0,7,0,0,0.92
Tumbes,highway:path,18,0,18,0,0,8.29
Tumbes,highway:pedestrian,3,0,3,0,0,0.76
Tumbes,landuse,95,0,95,0,60086.76,218.88
Tumbes,landuse:farmland,8,0,8,0,26051.71,83.2
Ucayali,landuse,732,9,711,12,3765976.23,2538.19
Ucayali,landuse:farmland,13,0,13,0,44059.94,74.72
Ucayali,highway,4552,107,4445,0,104.65,3664.6
Ucayali,highway:traffic_signals,38,38,0,0,0,0
Ucayali,highway:mini_roundabout,1,1,0,0,0,0
Ucayali,highway:crossing,62,62,0,0,0,0
Ucayali,highway:stop,2,2,0,0,0,0
Ucayali,highway:bus_stop,3,3,0,0,0,0
Ucayali,highway:elevator,1,1,0,0,0,0
Ucayali,highway:track,216,0,216,0,0,494.27
Ucayali,highway:trunk,46,0,46,0,0,216.58
Ucayali,highway:tertiary,133,0,133,0,0,310.44
Ucayali,highway:unclassified,311,0,311,0,5.34,996.21
Ucayali,highway:residential,2445,0,2445,0,46.16,981.82
Ucayali,highway:secondary,86,0,86,0,0,141.04
Ucayali,highway:service,315,0,315,0,0.43,68.94
Ucayali,highway:path,547,0,547,0,14.57,123.13
Ucayali,highway:primary,52,0,52,0,0,271.59
Ucayali,highway:trunk_link,4,0,4,0,0,0.18
Ucayali,highway:pedestrian,13,0,13,0,1.97,3.04
Ucayali,highway:footway,152,0,152,0,11.04,22.06
Ucayali,highway:road,10,0,10,0,0,20.9
Ucayali,highway:living_street,47,0,47,0,0,10.26
Ucayali,highway:tertiary_link,1,0,1,0,0,0.42
Ucayali,highway:steps,16,0,16,0,0,0.26
Ucayali,highway:services,1,0,1,0,23.69,0.63
Ucayali,highway:rest_area,1,0,1,0,1.4,0.17
Ucayali,highway:corridor,49,0,49,0,0.05,2.66
